id,name,page,image
P0001,آچار یکسررینگی,2,products/P0001.jpg
P0002,آچار دوسررینگی,3,products/P0002.jpg
P0003,آچار دوسرتخت,3,products/P0003.jpg
P0004,آچار دوسر چاکدار,3,products/P0004.jpg
P0005,آچار دوسربکسی,3,products/P0005.jpg
P0006,آچار دوسررینگی هاللی,4,products/P0006.jpg
P0007,آچار یکسررینگی جغجغه ایی,4,images/P0007.jpg
P0008,آچار دوسررینگی S شکل,4,images/P0008.jpg
P0009,آچار دوسررینگی جغجغه ای,4,images/P0009.jpg
P0010,آچار دوسر ستاره ایی E8 * E6,4,images/P0010.jpg
P0011,ریل بکسی 8 / 3 چاکدار ( 19 – 10 ),4,products/P0011.jpg
P0012,آچار یکسررینگی 12 عددی ( 32 – 8 ),5,products/P0012.jpg
P0013,آچار یکسررینگی 12 عددی ( 24 – 8 ),5,products/P0013.jpg
P0014,آچار یکسررینگی 8 عددی ( 19 – 8 ),5,products/P0014.jpg
P0015,آچار یکسررینگی 25 عددی ( 32 – 6 ),5,products/P0015.jpg
P0016,آچار یکسررینگی 18 عددی ( 32 – 8 ),5,products/P0016.jpg
P0017,آچار یکسررینگی 14 عددی ( 32 – 10 ),5,products/P0017.jpg
P0018,آچار دوسرتخت 12 عددی,5,products/P0018.jpg
P0019,آچار دوسرتخت 8 عددی,5,products/P0019.jpg
P0020,آچار یکسررینگی 14 عددی اینچی,5,products/P0020.jpg
P0021,آچار دوسررینگی 12 عددی,5,products/P0021.jpg
P0022,آچار دوسررینگی 8 عددی,5,products/P0022.jpg
P0023,آچار دوسررینگی 7 عددی,5,products/P0023.jpg
P0024,آچار یکسررینگی 16 عددی جعبه فلزی,5,products/P0024.jpg
P0025,آچار یکسررینگی 16 عددی,5,products/P0025.jpg
P0026,آچار دوسررینگی چاکدار 6 عددی,5,products/P0026.jpg
P0027,آچار دوسرستاره ایی 6 عددی کیفی,6,products/P0027.jpg
P0028,آچار دوسرستاره ایی 4 عددی,6,products/P0028.jpg
P0029,آچار دوسرستاره ایی 6 عددی ( E24 – E6 ),6,products/P0029.jpg
P0030,آچار یکسر جغجغه ایی 7 عددی کیفی,6,products/P0030.jpg
P0031,آچار دوسربکسی 6 عددی,6,products/P0031.jpg
P0032,آچار دوسر هاللی 6 عددی,6,products/P0032.jpg
P0033,آچار یکسرجغجغه کوتاه 7 عددی,6,products/P0033.jpg
P0034,آچار یکسررینگی جغجغه ایی 7 عددی,6,products/P0034.jpg
P0035,آچار یکسر جغجغه ایی 12 عددی کیفی,6,products/P0035.jpg
P0036,آچار یکسرجغجغه سرلوالیی 7 عددی,6,products/P0036.jpg
P0037,آچار یکسرجغجغه ضامندار 7 عددی,6,products/P0037.jpg
P0038,آچار دوسرجغجغه ایی 7 عددی,6,products/P0038.jpg
P0039,تست باطری دیجیتال,6,products/P0039.jpg
P0040,تست باطری آمپری,6,products/P0040.jpg
P0041,ترمومتر لیزری ( 500 تا 20 - ) سلپرو,6,products/P0041.jpg
P0042,ترکمتر های جغجغه ایی ( دسته فلزی ),7,products/P0042.jpg
P0043,ترکمتر های جغجغه ایی ( دسته پالستیکی ),7,products/P0043.jpg
P0044,ترکمتر 2 / 1 - 1 درایو ( 3000 600 ) نیوتن 000 / 000 / 150 / 2 ترکمترهای تقه ایی و دیجیتال,7,products/P0044.jpg
P0045,000 / 000 / 550 ترکمتر 2 / 1 درایو ( 210 – 40 ) نیوتن با سری تعویض شو,7,products/P0045.jpg
P0046,ترکمتر 2 / 1 درایو دیجیتال ( 350 - 35 ) نیوتن ترکمتر 2 / 1 درایو ( 210 – 40 ) نیوتن با متعلقات ( 11 عددی ),7,products/P0046.jpg
P0047,جعبه ابزار 7 کشو کامل ( 365 پارچه ) چرخ دار,8,products/P0047.jpg
P0048,جعبه بکس 4 / 1 درایو ( 57 عددی ),9,products/P0048.jpg
P0049,جعبه بکس 4 / 1 درایو ( 46 عددی ),9,products/P0049.jpg
P0050,جعبه بکس 4 / 1 درایو ( 24 عددی ),9,products/P0050.jpg
P0051,جعبه بکس 2 / 1 درایو 24 عددی مشکی,9,products/P0051.jpg
P0052,جعبه بکس ( 4 / 1 - 8 / 3 ) درایو 40 عددی,9,products/P0052.jpg
P0053,جعبه بکس 8 / 3 درایو 20 عددی ( 22 – 6 ),9,products/P0053.jpg
P0054,جعبه بکس 2 / 1 درایو 24 عددی ( اینچی ),9,products/P0054.jpg
P0055,جعبه بکس 2 / 1 درایو 24 عددی ( هندلی دار ),9,products/P0055.jpg
P0056,جعبه بکس 2 / 1 درایو 24 عددی ( بدون هندلی ),9,products/P0056.jpg
P0057,جعبه بکس 2 / 1 درایو 41 پارچه ( 6 پر و 12 پر ),9,products/P0057.jpg
P0058,جعبه بکس 2 / 1 درایو 41 پارچه ( اینچ و میلیمتر ),9,products/P0058.jpg
P0059,جعبه بکس 2 / 1 درایو 36 عددی,9,products/P0059.jpg
P0060,جعبه بکس 4 / 3 درایو مشکی ( 20 عددی ),9,products/P0060.jpg
P0061,جعبه بکس 4 / 3 درایو ( 20 عددی ),9,products/P0061.jpg
P0062,جعبه بکس 4 / 3 درایو ( 14 عددی ),9,products/P0062.jpg
P0063,جعبه بکس ( 4 / 1 – 8 / 3 ) درایو ( 69 عددی ),10,products/P0063.jpg
P0064,جعبه بکس 1 درایو سفید 6 پر ( 21 عددی ),10,products/P0064.jpg
P0065,جعبه بکس 1 درایو سفید 12 پر ( 14 عددی ),10,products/P0065.jpg
P0066,جعبه ابزار 2 / 1 و 4 / 1 درایو ( 94 عددی ),10,products/P0066.jpg
P0067,جعبه ابزار کامل ( 82 عددی ),10,products/P0067.jpg
P0068,جعبه ابزار ( 2 / 1 – 4 / 1 () 69 عددی ),10,products/P0068.jpg
P0069,جعبه ابزار کامل ( 72 عددی ),10,products/P0069.jpg
P0070,جعبه ابزار کامل ( 88 عددی ),10,products/P0070.jpg
P0071,جعبه ابزار کامل ( 108 عددی ),10,products/P0071.jpg
P0072,جعبه ابزار کامل ( 222 عددی ),10,products/P0072.jpg
P0073,جعبه ابزار کامل ( 178 عددی ),10,products/P0073.jpg
P0074,جعبه ابزار کامل ( 150 عددی ),10,products/P0074.jpg
P0075,جعبه ابزار کامل ( 202 عددی ),10,products/P0075.jpg
P0076,جعبه ابزار کامل ( 180 عددی ),10,products/P0076.jpg
P0077,جعبه ابزار کامل ( 142 عددی ),10,products/P0077.jpg
P0078,جعبه بکس مشکی تکی بلند ( 24 – 10 ),11,products/P0078.jpg
P0079,جعبه بکس مشکی تکی کوتاه ( 32 – 10 ),11,products/P0079.jpg
P0080,جعبه بکس مشکی تکی کوتاه ( 24 – 10 ),11,products/P0080.jpg
P0081,جعبه بکس سفید تکی بلند ( 32 – 10 ),11,products/P0081.jpg
P0082,جعبه بکس 4 / 3 مشکی تکی بلند ( 50 – 17 ),11,products/P0082.jpg
P0083,جعبه بکس مشکی تکی بلند ( 32 – 10 ),11,products/P0083.jpg
P0084,جعبه آلن بکسی بلند 8 عددی ( 17 – 5 ),11,products/P0084.jpg
P0085,جعبه آلن بکسی ستاره 9 عددی ( T60 – T20 ),11,products/P0085.jpg
P0086,جعبه آلن بکسی 11 عددی ( 19 – 5 ),11,products/P0086.jpg
P0087,جعبه آلن بکسی 4 / 3 درایو ( 24-14 ),11,products/P0087.jpg
P0088,جعبه آلن بکس هزارخار بلند 7 عددی M16 – M5,11,products/P0088.jpg
P0089,جعبه آلن بکس ستاره بلند 9 عددی T60 – T20,11,products/P0089.jpg
P0090,جعبه ستاره ایی ( 40 پارچه ) فلزی,11,products/P0090.jpg
P0091,جعبه ستاره ایی ( 40 پارچه ) پالستیکی,11,products/P0091.jpg
P0092,"جعبه آلن بکسی ستاره ایی 16 عددی ( E , T )",11,products/P0092.jpg
P0093,جعبه بکس 27 عددی عایق 1000 ولت,12,products/P0093.jpg
P0094,جعبه بکس 2 / 1 درایو مشکی کوتاه و بلند 40 عددی,12,products/P0094.jpg
P0095,پیستوله گازوئیل پاش پالستیکی,12,products/P0095.jpg
P0096,پیستوله گازوئیل پاش فلزی قرمز,12,products/P0096.jpg
P0097,گیریس پمپ بادی 40 کیلویی,12,products/P0097.jpg
P0098,گیریس پمپ بادی 20 کیلویی,12,products/P0098.jpg
P0099,گیریس پمپ بادی 12 کیلویی,12,products/P0099.jpg
P0100,آچار آلن کارتی بلند 10 عددی ( 10 – 27 / 1 ),13,products/P0100.jpg
P0101,آچار آلن کارتی نیمه بلند 10 عددی ( 10 – 27 / 1 ),13,products/P0101.jpg
P0102,آچار آلن کارتی کوتاه 10 عددی ( 10 – 27 / 1 ),13,products/P0102.jpg
P0103,آچار آلن کارتی بلند سرگرد 10 عددی,13,products/P0103.jpg
P0104,آچار آلن کارتی نیمه بلند سرگرد 10 عددی,13,products/P0104.jpg
P0105,آچار آلن کارتی کوتاه سرگرد 10 عددی,13,products/P0105.jpg
P0106,آچار آلن ستاره ایی بلند 10 عددی ( –T50 T10 ),13,products/P0106.jpg
P0107,آچار آلن ستاره ایی نیمه بلند 10 عددی ( –T50 T10 ),13,products/P0107.jpg
P0108,آچار آلن کارتی ستاره ایی کوتاه 10 عددی ( –T50 T10 ),13,products/P0108.jpg
P0109,آچار آلن کارتی ستاره ایی بلند سوراخ دار ( –T50 T10 ),13,products/P0109.jpg
P0110,آچار آلن ستاره ایی نیمه بلند سوراخ دار ( –T50 T10 ),13,products/P0110.jpg
P0111,آچار آلن کارتی بلند 10 عددی ( اینچی ),13,products/P0111.jpg
P0112,ریل بکس 2 / 1 درایو مشکی ( 24 – 10 ),13,products/P0112.jpg
P0113,آچار آلن چاقویی ستاره ایی T40 – T10,13,products/P0113.jpg
P0114,آچار آلن چاقویی 10 – 5 / 2,13,products/P0114.jpg
P0115,ریل بکس ستاره ایی 5 پخ,14,products/P0115.jpg
P0116,ریل بکس ستاره 4 / 1 درایو 9 عددی,14,products/P0116.jpg
P0117,ریل آلن بکسی 8 / 3 درایو 8 عددی ( 10 – 3 ),14,products/P0117.jpg
P0118,ریل آلن بکسی 2 / 1 درایو 9 عددی ( 14 – 4 ),14,products/P0118.jpg
P0119,ریل بکس ستاره 9 عددی سوراخدار ( T60 – T20 ),14,products/P0119.jpg
P0120,ریل بکس ستاره 2 / 1 درایو 9 عددی ( T60 – T20 ),14,products/P0120.jpg
P0121,ریل بکسی ستاره ایی 8 عددی,14,products/P0121.jpg
P0122,ریل بکسی آلن فشارقوی 8 عددی,14,products/P0122.jpg
P0123,ریل آلن بکس هزار خاری 7 عددی ( M16 – M6 ),14,products/P0123.jpg
P0124,ریل بکس 4 / 1 درایو بلند ( 11 عددی ) ( 14 – 4 ),14,products/P0124.jpg
P0125,ریل بکس 4 / 1 درایو کوتاه اینچی 13 عددی,14,products/P0125.jpg
P0126,ریل بکس 4 / 1 درایو کوتاه ( 13 عددی ) ( 13 – 4 ),14,products/P0126.jpg
P0127,ریل بکس 8 / 3 درایو کوتاه ( 11 عددی ) ( 19 – 8 ),14,products/P0127.jpg
P0128,ریل بکس 4 / 1 درایو بلند اینچی 13 عددی ( 16 / 9 – 32 / 5 ),14,products/P0128.jpg
P0129,ریل بکس 4 / 1 درایو بلند ( 13 عددی ) ( 14 – 4 ),14,products/P0129.jpg
P0130,"ریل بکس 2 / 1 درایو کوتاه اینچی ( "" 1 – 16 / 5 )",15,products/P0130.jpg
P0131,ریل بکس 2 / 1 درایو سفید کوتاه ( 24 – 10 ),15,products/P0131.jpg
P0132,ریل بکس 8 / 3 درایو بلند ( 10 عددی ) ( 19 – 8 ),15,products/P0132.jpg
P0133,ریل بکس ستاره ایی 4 عددی ( E12 – E6 ),15,products/P0133.jpg
P0134,ریل بکس 2 / 1 درایو 16 عددی تکی ( 32 – 10 ),15,products/P0134.jpg
P0135,ریل بکس 2 / 1 درایو سفید بلند ( 24 – 10 ),15,products/P0135.jpg
P0136,ریل بکس ستاره ایی 9 عددی ( E24 – E10 ),15,products/P0136.jpg
P0137,ریل بکس 2 / 1 ستاره ایی 7 عددی ( E22 – E10 ),15,products/P0137.jpg
P0138,ریل بکس 4 / 1 ستاره ایی 7 عددی ( E12 – E4 ),15,products/P0138.jpg
P0139,ریل بکس ستاره ایی بلند 8 عددی ( E24 – E10 ),15,products/P0139.jpg
P0140,ریل بکس ستاره ایی 14 عددی ( E20 – E4 ),15,products/P0140.jpg
P0141,ریل بکس ستاره ایی 10 عددی ( E18 – E4 ),15,products/P0141.jpg
P0142,پیچ گوشتی تقه ایی 12 عددی,15,products/P0142.jpg
P0143,پیچ گوشتی تقه ایی 8 عددی,15,products/P0143.jpg
P0144,پیچ گوشتی تقه ایی 6 عددی,15,products/P0144.jpg
P0145,بکس ستاره ایی تکی دینام,16,products/P0145.jpg
P0146,بکس ستاره ایی T50 مخصوص دینام,16,products/P0146.jpg
P0147,بکس هزارخاری M10 مخصوص دینام,16,products/P0147.jpg
P0148,"انبر وایر شو "" 10",16,products/P0148.jpg
P0149,"انبر وایر شو "" 9",16,products/P0149.jpg
P0150,"انبر وایر شو "" 8",16,products/P0150.jpg
P0151,انبرپرچ مدل ژاپنی,16,products/P0151.jpg
P0152,انبرمهره پرچ کن 10 – 5,16,products/P0152.jpg
P0153,انبرپرچ آکاردئونی,16,products/P0153.jpg
P0154,انبرپرچ دو دسته حرفه ایی ( 6 – 3 ),16,products/P0154.jpg
P0155,انبرپرچ کله گردان ( 360 درجه ),16,products/P0155.jpg
P0156,بادپاش فلزی ( تنظیم شو ),16,products/P0156.jpg
P0157,بادپاش پالستیکی میله بلند,16,products/P0157.jpg
P0158,بادپاش پالستیکی میله کوتاه,16,products/P0158.jpg
P0159,"انبرقفلی "" 10",17,products/P0159.jpg
P0160,"انبرقفلی "" 7",17,products/P0160.jpg
P0161,"انبرقفلی "" 5",17,products/P0161.jpg
P0162,انبرقفلی زنجیری,17,products/P0162.jpg
P0163,انبرقفلی دمباریکی 9,17,products/P0163.jpg
P0164,"انبرقفلی "" 10 فک تخت",17,products/P0164.jpg
P0165,قلم و سنبه پین دربیار 5 عددی,17,products/P0165.jpg
P0166,"انبرقفلی فیلتربازکن "" 11",17,products/P0166.jpg
P0167,"انبرقفلی فیلتربازکن "" 10",17,products/P0167.jpg
P0168,قالویز چپ گرد 5 عددی,17,products/P0168.jpg
P0169,قلم و سنبه پین دربیار 13 عددی,17,products/P0169.jpg
P0170,سنبه پین دربیار 6 عددی,17,products/P0170.jpg
P0171,قالویز چپ گرد 8 عددی ( مارپیچ ),17,products/P0171.jpg
P0172,قالویز چپ گرد 8 عددی,17,products/P0172.jpg
P0173,قالویز چپ گرد 6 عددی,17,products/P0173.jpg
P0174,سیبک دربیار اهرمی,18,products/P0174.jpg
P0175,کمپرسنج 8 تیکه,18,products/P0175.jpg
P0176,کمپرسنج 2 تیکه,18,products/P0176.jpg
P0177,بکس انژکتور کامیون سفید ( بنز – مان ),18,products/P0177.jpg
P0178,سیبک دربیار 19 میلی ( مشکی ),18,products/P0178.jpg
P0179,سیبک دربیار 45 میلی ( سفید ),18,products/P0179.jpg
P0180,بکس سنسور اکسیژن,18,products/P0180.jpg
P0181,بکس سنسور اکسیژن سفید,18,products/P0181.jpg
P0182,بکس انژکتور کامیون مشکی ( بنز – مان ),18,products/P0182.jpg
P0183,کیت بکس سنسور اکسیژن 7 عددی,18,products/P0183.jpg
P0184,بکس سنسور اکسیژن فوق بلند,18,products/P0184.jpg
P0185,بکس سنسور اکسیژن پاکالغی,18,products/P0185.jpg
P0186,رینگ جمع کن کامیونی ( 77206175 ),18,products/P0186.jpg
P0187,رینگ جمع کن مینی بوسی ( 77204175 ),18,products/P0187.jpg
P0188,رینگ جمع کن سواری ( 77203125 ),18,products/P0188.jpg
P0189,مشگل گشا آهن ربا دار,19,products/P0189.jpg
P0190,آهن ربا فنری 5 / 1 کیلوگرمی,19,products/P0190.jpg
P0191,آهن ربا فنری 650 گرمی,19,products/P0191.jpg
P0192,آئینه بررسی 55 ( 74 سانتی ),19,products/P0192.jpg
P0193,آئینه بررسی 55 ( 42 سانتی ),19,products/P0193.jpg
P0194,آئینه بررسی سه کاره,19,products/P0194.jpg
P0195,آچار فیلتر بازکن سه شاخ ( 102 – 63 ),19,products/P0195.jpg
P0196,آچار فیلتر بازکن سه شاخ ( 130 – 65 ),19,products/P0196.jpg
P0197,آچار فیلتر بازکن کاسه ایی ( تویوتا ),19,products/P0197.jpg
P0198,آچار فیلتر بازکن تسمه ایی کامیونی,19,products/P0198.jpg
P0199,آچار فیلتر بازکن تسمه ایی سواری,19,products/P0199.jpg
P0200,"آچار فیلتر بازکن برزنتی "" 12",19,products/P0200.jpg
P0201,"آچار فیلتر زنجیری "" 9",19,products/P0201.jpg
P0202,"آچار فیلتر زنجیری "" 6 ( 140 – 45 )",19,products/P0202.jpg
P0203,آچار فیلتر زنجیری لوله ایی,19,products/P0203.jpg
P0204,آچار فیلتر زنجیری حرفه ایی,20,products/P0204.jpg
P0205,"آچار فیلتر زنجیری "" 20",20,products/P0205.jpg
P0206,"آچار فیلتر زنجیری "" 12",20,products/P0206.jpg
P0207,"آچار فیلتر بازکن انبری "" 12",20,products/P0207.jpg
P0208,"آچار فیلتر بازکن انبری "" 10",20,products/P0208.jpg
P0209,آچار فیلتر زنجیری دوبل,20,products/P0209.jpg
P0210,فیلتر بازکن تسمه فلزی ( 111 - 92 ),20,products/P0210.jpg
P0211,فیلتر بازکن تسمه فلزی ( 95 - 75 ),20,products/P0211.jpg
P0212,فیلتر بازکن تسمه فلزی ( 83 – 60 ),20,products/P0212.jpg
P0213,ابزار تعویض فنر دیسک ترمز,20,products/P0213.jpg
P0214,آچار فیلتر بازکن پیچی ( 155 – 110 ),20,products/P0214.jpg
P0215,آچار فیلتر بازکن پیچی ( 105 – 65 ),20,products/P0215.jpg
P0216,سیم لخت کن اتوماتیک,20,products/P0216.jpg
P0217,انبر بست شیلنگ بنزین,20,products/P0217.jpg
P0218,انبر بست شیلنگ رادیاتور,20,products/P0218.jpg
P0219,"انبردست "" 10 طرح آمریکایی",21,products/P0219.jpg
P0220,"انبردست "" 8 طرح آمریکایی",21,products/P0220.jpg
P0221,"انبردست "" 6 طرح آمریکایی",21,products/P0221.jpg
P0222,"دمباریک "" 8",21,products/P0222.jpg
P0223,"انبردست "" 8",21,products/P0223.jpg
P0224,"انبردست "" 6",21,products/P0224.jpg
P0225,"سیم چین "" 7 عایق دار 1000 ولت",21,products/P0225.jpg
P0226,"سیم چین "" 8 کله گاوی",21,products/P0226.jpg
P0227,"سیم چین "" 6 کله گاوی",21,products/P0227.jpg
P0228,"کف چین "" 6 سوراخ دار",21,products/P0228.jpg
P0229,"دمباریک "" 8 عایق دار 1000 ولت",21,products/P0229.jpg
P0230,"انبردست "" 8 عایق دار 1000 ولت",21,products/P0230.jpg
P0231,"دمباریک بلند سرکج "" 11",21,products/P0231.jpg
P0232,"دمباریک بلند "" 11",21,products/P0232.jpg
P0233,"دمباریک "" 6",21,products/P0233.jpg
P0234,"خارکش "" 9",22,products/P0234.jpg
P0235,"خارکش "" 7",22,products/P0235.jpg
P0236,"انبرکالغی "" 10",22,products/P0236.jpg
P0237,آچار اندازه گیری ضخامت لنت ترمز,22,products/P0237.jpg
P0238,"کیت خارکش "" 7 و "" 9 ( 6 عددی )",22,products/P0238.jpg
P0239,"کیت خارکش "" 7 ( 4 عددی )",22,products/P0239.jpg
P0240,آچار فیلرگیری 9 تیغ سرکج,22,products/P0240.jpg
P0241,آچار فیلرگیری 26 تیغ,22,products/P0241.jpg
P0242,آچار فیلرگیری 20 تیغ,22,products/P0242.jpg
P0243,پولیش سیلندر متوسط ( 89 - 32 ),22,products/P0243.jpg
P0244,پولیش سیلندر کوچک ( 64 – 19 ),22,products/P0244.jpg
P0245,آچار فیلرگیری 25 تیغ 30 سانتی,22,products/P0245.jpg
P0246,سنگ یدکی پولیش سیلندر 3 عددی,22,products/P0246.jpg
P0247,پولیش سیلندر بزرگ ( بلند () 178 - 50 ),22,products/P0247.jpg
P0248,پولیش سیلندر بزرگ ( 178 - 50 ),22,products/P0248.jpg
P0249,تایم بی ام و ( B38.B46.B48.B58 ),23,products/P0249.jpg
P0250,تایم بی ام و ( N20.N26 ),23,products/P0250.jpg
P0251,تایم بی ام و ( N63.N65.N74 ),23,products/P0251.jpg
P0252,کیت کالیپر ترمز 21 عددی,23,products/P0252.jpg
P0253,کیت کالیپر ترمز 2 عددی,23,products/P0253.jpg
P0254,تایم بی ام و ( S63.N63 ),23,products/P0254.jpg
P0255,انبر بست شیلنگ خرطومی,23,products/P0255.jpg
P0256,انبر تعویض گردگیر پولوس,23,products/P0256.jpg
P0257,کیت کالیپر ترمز پنوماتیک 16 عددی,23,products/P0257.jpg
P0258,"دمباریک سرکج "" 8",23,products/P0258.jpg
P0259,ست قلم و چکش,23,products/P0259.jpg
P0260,بلبرینگ کش ناخنی ( 55 – 24 ),24,products/P0260.jpg
P0261,بلبرینگ کش ناخنی ( 35 – 19 ),24,products/P0261.jpg
P0262,بلبرینگ کش کشویی لبه نازک همه کاره,24,products/P0262.jpg
P0263,بلبرینگ کش سوراخ کور,24,products/P0263.jpg
P0264,بلبرینگ کش ناخنی اتوماتیک,24,products/P0264.jpg
P0265,بلبرینگ کش ناخنی,24,products/P0265.jpg
P0266,"پولی کش "" 4 اینچ سه شاخ",24,products/P0266.jpg
P0267,"پولی کش "" 3 اینچ سه شاخ",24,products/P0267.jpg
P0268,بلبرینگ کش ناخنی 3 شاخ فوالدی,24,products/P0268.jpg
P0269,"پولی کش "" 8 اینچ سه شاخ",24,products/P0269.jpg
P0270,"پولی کش "" 6 اینچ سه شاخ",24,products/P0270.jpg
P0271,"پولی کش "" 6 اینچ دو شاخ",24,products/P0271.jpg
P0272,"پولی کش "" 6 اینچ دوشاخ سه شاخ",24,products/P0272.jpg
P0273,"پولی کش "" 4 اینچ دوشاخ سه شاخ",24,products/P0273.jpg
P0274,دیسک بلبرینگ کش ( 105-75 ),25,products/P0274.jpg
P0275,دیسک بلبرینگ کش ( 75-50 ),25,products/P0275.jpg
P0276,دیسک بلبرینگ کش ( 50-35 ),25,products/P0276.jpg
P0277,آچار درب دوشاخ کشویی,25,products/P0277.jpg
P0278,دیسک بلبرینگ کش ( 200-150 ),25,products/P0278.jpg
P0279,دیسک بلبرینگ کش ( 150-105 ),25,products/P0279.jpg
P0280,سوپاپ جمع کن 8 پارچه,25,products/P0280.jpg
P0281,سوپاپ جمع کن 5 پارچه,25,products/P0281.jpg
P0282,سوپاپ جمع کن درجا,25,products/P0282.jpg
P0283,جعبه بکس مهره هرز ( 12-10-8-6 ),25,products/P0283.jpg
P0284,کیت بلبرینگ کش 24 عددی سنگین,25,products/P0284.jpg
P0285,کیت بلبرینگ کش ( 50-35 () 75-50 ),25,products/P0285.jpg
P0286,جعبه اورینگ 225 عددی,25,products/P0286.jpg
P0287,اورینگ دربیار 3 عددی,25,products/P0287.jpg
P0288,اورینگ دربیارسوزنی 5 عددی,25,products/P0288.jpg
P0289,دیلم 90 سانتی سرکج,26,products/P0289.jpg
P0290,دیلم 90 سانتی,26,products/P0290.jpg
P0291,دیلم 80 سانتی,26,products/P0291.jpg
P0292,تایلیور 60 سانتی سرکج,26,products/P0292.jpg
P0293,تایلیور 60 سانتی,26,products/P0293.jpg
P0294,تایلیور 50 سانتی,26,products/P0294.jpg
P0295,درجه باد کارگاهی حرفه ایی,26,products/P0295.jpg
P0296,درجه باد کارگاهی,26,products/P0296.jpg
P0297,درجه باد کامیونی,26,products/P0297.jpg
P0298,سری بادکن ضامندار,26,products/P0298.jpg
P0299,درجه باد بدون گیج,26,products/P0299.jpg
P0300,درجه باد کارگاهی دیجیتالی,26,products/P0300.jpg
P0301,سری بادکن 30 سانتی,26,products/P0301.jpg
P0302,سری بادکن 20 سانتی,26,products/P0302.jpg
P0303,پیچ گوشتی ساعتی عایق دار,27,products/P0303.jpg
P0304,پیچ گوشتی ساعتی ستاره ایی,27,products/P0304.jpg
P0305,پیچ گوشتی ساعتی ساده,27,products/P0305.jpg
P0306,پیچ گوشتی 7 عددی ضربه خور,27,products/P0306.jpg
P0307,پیچ گوشتی 8 عددی ساده,27,products/P0307.jpg
P0308,پیچ گوشتی 7 عددی شیشه ایی,27,products/P0308.jpg
P0309,پیچ گوشتی 7 عددی 1000 ولت عایق دار,27,products/P0309.jpg
P0310,پیچ گوشتی ستاره ایی 13 عددی,27,products/P0310.jpg
P0311,پیچ گوشتی بکسی 9 عددی,27,products/P0311.jpg
P0312,مینی تستر فازمتری ( 24 – 6 ),27,products/P0312.jpg
P0313,تستر المپ فازمتری بزرگ,27,products/P0313.jpg
P0314,تستر المپ فازمتری کوچک,27,products/P0314.jpg
P0315,تستر فیوز برنجی,27,products/P0315.jpg
P0316,مینی تستر فازمتری ( 24 – 12 – 6 ),27,products/P0316.jpg
P0317,مولتی تستر باطری و دینام 12 ولت,28,products/P0317.jpg
P0318,تستر دهانه شمع,28,products/P0318.jpg
P0319,تست ولتاژ ( 48 – 3 ) ولت,28,products/P0319.jpg
P0320,پیمانه 3 لیتری روغن,28,products/P0320.jpg
P0321,پیمانه 2 لیتری روغن,28,products/P0321.jpg
P0322,پیمانه 1 لیتری روغن,28,products/P0322.jpg
P0323,قیف پالستیکی نارنجی,28,products/P0323.jpg
P0324,پیمانه 5 لیتری روغن,28,products/P0324.jpg
P0325,پیمانه 4 لیتری روغن,28,products/P0325.jpg
P0326,قیف فلزی توری دار ( لوله 63 سانتی ),28,products/P0326.jpg
P0327,قیف فلزی توری دار ( لوله 37 سانتی ),28,products/P0327.jpg
P0328,قیف پالستیکی مشکی,28,products/P0328.jpg
P0329,انبر باالنس,28,products/P0329.jpg
P0330,فنرجمع کن فشارقوی,28,products/P0330.jpg
P0331,فنرجمع کن بلند ( 370 میلی ),28,products/P0331.jpg
P0332,تست ضدیخ,29,products/P0332.jpg
P0333,اسید سنج باطری,29,products/P0333.jpg
P0334,اسید سنج باطری,29,products/P0334.jpg
P0335,کابل اتصال باطری 5 متری 600 آمپر,29,products/P0335.jpg
P0336,کابل اتصال باطری 5 / 2 متری 600 آمپر,29,products/P0336.jpg
P0337,انبر اتصال باطری 600 آمپر,29,products/P0337.jpg
P0338,پیچ گوشتی خار دربیار,29,products/P0338.jpg
P0339,بوش دربیار چرخ عقب مرسدس بنز,29,products/P0339.jpg
P0340,درفش تیوپلس,29,products/P0340.jpg
P0341,تیغ کاتر,29,products/P0341.jpg
P0342,کاتر ( 7818 ),29,products/P0342.jpg
P0343,کاتر ( 7822 ),29,products/P0343.jpg
P0344,کاتر ( 794 ),29,products/P0344.jpg
P0345,کاتر ( 798 ),29,products/P0345.jpg
P0346,کاتر تاشو ( 793 ),29,products/P0346.jpg
P0347,جک سوسماری 3 تن بدنه کوچک,30,products/P0347.jpg
P0348,جک سوسماری 5 / 2 تن,30,products/P0348.jpg
P0349,جک سوسماری 2 تن,30,products/P0349.jpg
P0350,جک سوسماری 5 / 3 تن آفرودی,30,products/P0350.jpg
P0351,جک سوسماری 3 تن دو پمپ کورسی,30,products/P0351.jpg
P0352,جک سوسماری 3 تن دو پمپ,30,products/P0352.jpg
P0353,جک سوسماری 5 / 4 تن پدالی,30,products/P0353.jpg
P0354,جک سوسماری 4 تن دو پمپ,30,products/P0354.jpg
P0355,جک سوسماری 2 تن فوق بلند,30,products/P0355.jpg
P0356,دستگاه فنر جمع,30,products/P0356.jpg
P0357,جک سوسماری 5 تن پدالی,30,products/P0357.jpg
P0358,جک سوسماری 5 / 4 تن کورسی,30,products/P0358.jpg
P0359,خرک سنگین 6 تن,30,products/P0359.jpg
P0360,خرک سواری 3 تن,30,products/P0360.jpg
P0361,آچار 4 گوش کارتر,30,products/P0361.jpg
P0362,گیره صافکاری ( 792503 ),31,products/P0362.jpg
P0363,گیره صافکاری ( 792502 ),31,products/P0363.jpg
P0364,گیره صافکاری ( 792501 ),31,products/P0364.jpg
P0365,مشتی صافکاری فوالدی,31,products/P0365.jpg
P0366,مشتی صافکاری فوالدی,31,products/P0366.jpg
P0367,گیره صافکاری ( 792504 ),31,products/P0367.jpg
P0368,قالب تنه صافکاری قاشقی فوالدی,31,products/P0368.jpg
P0369,قالب تنه صافکاری قاشقی فوالدی,31,products/P0369.jpg
P0370,قالب تنه صافکاری فوالدی,31,products/P0370.jpg
P0371,قاب پک صافکاری ( 125 ),31,products/P0371.jpg
P0372,قاب پک صافکاری ( 100 ),31,products/P0372.jpg
P0373,قاب پک صافکاری ( 75 ),31,products/P0373.jpg
P0374,ابزار مخصوص صافکاری,31,products/P0374.jpg
P0375,ابزار مخصوص صافکاری,31,products/P0375.jpg
P0376,ابزار کشنده صافکاری ( ضربه زن ),31,products/P0376.jpg
P0377,اره افقی بر بادی,32,products/P0377.jpg
P0378,فرز انگشتی بادی,32,products/P0378.jpg
P0379,بکس بادی 2 / 1 درایو ( 1356 نیوتن ),32,products/P0379.jpg
P0380,کاور جیب دار مغناطیسی,32,products/P0380.jpg
P0381,کاور گلگیر مغناطیسی,32,products/P0381.jpg
P0382,جغجغه بادی 2 / 1 فشارقوی ( 122 نیوتن ),32,products/P0382.jpg
P0383,سری قلم 4 عددی پالستیکی,32,products/P0383.jpg
P0384,ست خاردربیار 6 عددی,32,products/P0384.jpg
P0385,ست خاردربیار 5 عددی,32,products/P0385.jpg
P0386,کیت گیج کولر ماشین,32,products/P0386.jpg
P0387,درب بازکن بادی,32,products/P0387.jpg
P0388,جعبه ابزار 3 طبقه کفی بلند 50 سانتی,32,products/P0388.jpg
P0389,ابزار بازکردن گردگیر پولوس,32,products/P0389.jpg
P0390,گوشی صدا کامل,32,products/P0390.jpg
P0391,گوشی صدا,32,products/P0391.jpg
P0392,واسکازین پمپ دستی 1500 سی سی,33,products/P0392.jpg
P0393,واسکازین پمپ دستی 550 سی سی,33,products/P0393.jpg
P0394,واسکازین پمپ دستی 200 سی سی,33,products/P0394.jpg
P0395,مخزن تنظیم فشار روغن ترمز 3 لیتری,33,products/P0395.jpg
P0396,مخزن تنظیم فشار روغن ترمز 1 لیتری,33,products/P0396.jpg
P0397,مخزن تنظیم فشار روغن ترمز 1 لیتری,33,products/P0397.jpg
P0398,جک روغنی 10 تن,33,products/P0398.jpg
P0399,جک روغنی 5 تن,33,products/P0399.jpg
P0400,جک روغنی 3 تن,33,products/P0400.jpg
P0401,جک روغنی 30 تن,33,products/P0401.jpg
P0402,جک روغنی 20 تن,33,products/P0402.jpg
P0403,جک روغنی 15 تن,33,products/P0403.jpg
P0404,کیت نوک پیچ گوشتی 33 عددی,33,products/P0404.jpg
P0405,کیت مهره خردکن,33,products/P0405.jpg
P0406,جک روغنی 50 تن,33,products/P0406.jpg
P0407,انبر سوپاپ بلند,34,products/P0407.jpg
P0408,پولی کش فرمان برقی,34,products/P0408.jpg
P0409,خط کش سرسیلندر 60 سانتی,34,products/P0409.jpg
P0410,ابزار گردبر نقطه جوش 8 / 3,34,products/P0410.jpg
P0411,ابزار گردبر نقطه جوش 16 / 5,34,products/P0411.jpg
P0412,ابزار گردبر نقطه جوش 2 عددی,34,products/P0412.jpg
P0413,برس تمیزکاری دوسر,34,products/P0413.jpg
P0414,برس تمیزکاری یکسر,34,products/P0414.jpg
P0415,ست خاردربیار ماشین,34,products/P0415.jpg
P0416,چراغ شارژی LED ( 7785 ),34,products/P0416.jpg
P0417,چراغ شارژی LED ( 7769 ),34,products/P0417.jpg
P0418,چراغ شارژی LED ( 7765 ),34,products/P0418.jpg
P0419,کمان اره حرفه ایی,34,products/P0419.jpg
P0420,کمان اره همه کاره کوچک,34,products/P0420.jpg
P0421,چراغ شارژی LED ( 7768 ),34,products/P0421.jpg
P0422,آچار فرانسه 10,35,products/P0422.jpg
P0423,آچار فرانسه 8,35,products/P0423.jpg
P0424,آچار فرانسه 6,35,products/P0424.jpg
P0425,آچار فرانسه 18,35,products/P0425.jpg
P0426,آچار فرانسه 15,35,products/P0426.jpg
P0427,آچار فرانسه 12,35,products/P0427.jpg
P0428,قرقری فرمان,35,products/P0428.jpg
P0429,قرقری فرمان گرد,35,products/P0429.jpg
P0430,آچار فرانسه 24,35,products/P0430.jpg
P0431,تیغ یدکی الستیک دربیار دور شیشه,35,products/P0431.jpg
P0432,ابزار مخصوص الستیک دربیار دور شیشه,35,products/P0432.jpg
P0433,استادبولت ( بکس پیچ دوسررزوه و گرد ),35,products/P0433.jpg
P0434,تست فشار سوزن انژکتور کامیونی,35,products/P0434.jpg
P0435,کیت تست نشت گاز کولر,35,products/P0435.jpg
P0436,چوب آبندی سوپاپ ( 2 عددی ),35,products/P0436.jpg
P0437,"گیره رومیزی گردان ( "" 6 ) 150",36,products/P0437.jpg
P0438,"گیره رومیزی گردان ( "" 5 ) 125",36,products/P0438.jpg
P0439,"گیره رومیزی گردان ( "" 4 ) 100",36,products/P0439.jpg
P0440,"گیره رومیزی گردان ( "" 12 ) 300",36,products/P0440.jpg
P0441,"گیره رومیزی گردان ( "" 10 ) 250",36,products/P0441.jpg
P0442,"گیره رومیزی گردان ( "" 8 ) 200",36,products/P0442.jpg
P0443,آچار فیلتر فلزی ( 95 – 75 ),36,products/P0443.jpg
P0444,آچار فیلتر فلزی ( 75 – 60 ),36,products/P0444.jpg
P0445,برس سیمی 2 عددی,36,products/P0445.jpg
P0446,شیلنک باد فنری ( 12 * 8 ) 10 متری,36,products/P0446.jpg
P0447,قیچی همه کاره,36,products/P0447.jpg
P0448,قیچی کابل فیبر نوری,36,products/P0448.jpg
P0449,شیلنگ جمع کن باد 15 متری ( 13 * 10 ),36,products/P0449.jpg
P0450,شیلنگ جمع کن باد 15 متری ( 12 * 8 ),36,products/P0450.jpg
P0451,شیلنک باد فنری ( 12 * 8 ) 15 متری,36,products/P0451.jpg
P0452,بکس های 4 / 1 درایو بلند سلپرو,37,
P0453,بکس های 4 / 1 درایو کوتاه سلپرو,37,
P0454,لیست بکس های 8 / 3 درایو بلند سلپرو,37,
P0455,لیست بکس های 8 / 3 درایو کوتاه سلپرو,37,
P0456,بکس های 2 / 1 درایو بلند سلپرو,38,
P0457,بکس های 2 / 1 درایو کوتاه سلپرو,38,
P0458,32 000 / 300 / 9 بکس شمع مغناطیسی 8 / 3 درایو,38,products/P0458.jpg
P0459,32 000 / 300 / 9 بکس شمع,38,products/P0459.jpg
P0460,بکس های 4 / 1 درایو ستاره ایی کوتاه E5,39,
P0461,بکس های 2 / 1 درایو مشکی فشارقوی ( CR-MO ),39,images/P0461.jpg
P0462,000 / 250 / 1 بکس های 2 / 1 درایو ستاره ایی کوتاه E8,39,products/P0462.jpg
P0463,بکس های 2 / 1 درایو ستاره ایی بلند E10,39,images/P0463.jpg
P0464,بکس های 4 / 3 درایو ستاره ایی بلند E24,39,products/P0464.jpg
P0465,لیست بکس های 4 / 3 درایو سفید,40,products/P0465.jpg
P0466,بکس 4 / 3 درایو مشکی بلند ( CR-MO ),41,products/P0466.jpg
P0467,بکس 4 / 3 درایو مشکی ( CR-MO ),41,products/P0467.jpg
P0468,"بکس "" 1 درایو مشکی بلند ( CR-MO )",42,
P0469,"بکس "" 1 درایو مشکی کوتاه ( CR-MO )",42,images/P0469.jpg
P0470,"90 ----- بکس "" 1 درایو مشکی بلند ( 4 گوش ) سلپرو",42,products/P0470.jpg
P0471,آچار چرخ سواری,43,products/P0471.jpg
P0472,"بکس "" 1 درایو سفید 6 پر کوتاه",43,images/P0472.jpg
P0473,آچار چرخ 4 طرفه ( 14.17.19.21 ) بهمراه مغزی یدکی 2 / 1,43,products/P0473.jpg
P0474,آچار بکسی جغجغه ایی,43,products/P0474.jpg
P0475,"بکس "" 1 درایو سفید 12 پر کوتاه",43,products/P0475.jpg
P0476,دسته جغجغه,44,products/P0476.jpg
P0477,دسته بکس سرلوالیی,44,products/P0477.jpg
P0478,دسته بکس سرلوالیی فشارقوی,44,products/P0478.jpg
P0479,دسته هندلی,45,products/P0479.jpg
P0480,دسته بکس ال,45,images/P0480.jpg
P0481,لغلغه سفید,45,images/P0481.jpg
P0482,دسته کشویی,45,images/P0482.jpg
P0483,لغلغه مشکی,45,products/P0483.jpg
P0484,آداپتور سوراخ دار سفید,45,products/P0484.jpg
P0485,"کمک درایو های لغلغه ایی """,46,products/P0485.jpg
P0486,کمک درایو ها,46,images/P0486.jpg
P0487,کمک درایو های فشارقوی,46,products/P0487.jpg
P0488,کمک درایو ها فنری,46,products/P0488.jpg
P0489,آداپتور بیت خور,46,products/P0489.jpg
P0490,آلن بکسی 4 / 1 درایو سفید,47,products/P0490.jpg
P0491,آداپتور سفید,47,images/P0491.jpg
P0492,آلن بکسی ستاره ایی 4 / 1 درایو سفید T20,47,images/P0492.jpg
P0493,آداپتور مشکی,47,images/P0493.jpg
P0494,آلن بکسی دوسو / چهارسو 4 / 1 درایو سفید PH1,47,products/P0494.jpg
P0495,آلن بکسی 8 / 3 درایو سفید,47,images/P0495.jpg
P0496,آلن بکسی 2 / 1 درایو چهارگوش سفید,47,products/P0496.jpg
P0497,آلن بکسی 2 / 1 درایو ستاره ایی مشکی بلند T20,48,images/P0497.jpg
P0498,آلن بکسی 2 / 1 درایو مشکی کوتاه,48,products/P0498.jpg
P0499,آلن بکسی 2 / 1 درایو مشکی بلند,48,images/P0499.jpg
P0500,آلن بکسی 4 / 3 درایو ستاره ایی مشکی ( جی تی سی ) T60,48,products/P0500.jpg
P0501,آلن بکسی 4 / 3 درایو مشکی ( جی تی سی ),48,
P0502,تبدیل سردریلی,48,products/P0502.jpg
P0503,آلن بکسی 2 / 1 درایو بلند سفید,49,products/P0503.jpg
P0504,آلن بکسی 2 / 1 درایو سفید,49,products/P0504.jpg
P0505,آلن بکسی ستاره ایی 2 / 1 درایو بلند سفید,49,images/P0505.jpg
P0506,آلن بکسی ستاره ایی 2 / 1 درایو سفید T20,49,images/P0506.jpg
P0507,آلن بکسی هزارخاری ( M ) 2 / 1 درایو بلند سفید,49,images/P0507.jpg
P0508,آلن بکسی مشکی هزارخاری ( M ) 2 / 1 درایو,49,products/P0508.jpg
P0509,پیچ گوشتی بکسی,50,products/P0509.jpg
P0510,پیچ گوشتی ستاره ایی T5,50,products/P0510.jpg
P0511,پیچ گوشتی تکی شیشه ایی,50,images/P0511.jpg
P0512,پیچ گوشتی بکسی 4 / 1 درایو بیت خور,50,products/P0512.jpg
P0513,آچار آلن سایز بزرگ ( تایوانی ),50,images/P0513.jpg
P0514,مهره خردکن تکی,50,products/P0514.jpg
P0515,آچار دسته بکس T,51,products/P0515.jpg
P0516,آچار دسته بکس T سرلوالیی,51,products/P0516.jpg
P0517,آچار دسته بکس T سرلغلغه ایی,51,products/P0517.jpg
P0518,نوک پیچ گوشتی تقه ایی 8 سانتی ( S2 ) PH1,52,products/P0518.jpg
P0519,نوک پیچ گوشتی تقه ایی 6 / 3 سانتی ( S2 ) PH1,52,products/P0519.jpg
P0520,نوک بیت آلنی بلند 5 / 7 سانتی,52,
P0521,نوک بیت آلنی کوتاه 3 سانتی,52,
P0522,12 000 / 600 / 1 نوک بیت ستاره ایی بلند 5 / 7 سانتی,52,products/P0522.jpg
P0523,12 000 / 000 / 1 نوک بیت ستاره ایی کوتاه 3 سانتی,52,products/P0523.jpg
P0524,نوک پیچ گوشتی چهارسو 5 / 2 سانتی ( S2 ) PH2,53,
P0525,نوک بیت هزارخاری کوتاه 3 سانتی M5,53,
P0526,000 / 380 نوک پیچ گوشتی چهارسو 5 سانتی ( S2 ) PH00,53,
P0527,000 / 100 / 1 نوک بیت هزارخاری بلند 5 / 7 سانتی M5,53,images/P0527.jpg
P0528,000 / 850 نوک پیچ گوشتی چهارسو 5 / 6 سانتی ( S2 ),53,
P0529,000 / 900 نوک پیچ گوشتی چهارسو 10 سانتی ( S2 ) PH00,53,
P0530,000 / 100 / 1 نوک پیچ گوشتی چهارسو 15 سانتی ( S2 ),53,
P0531,نوک پیچ گوشتی دوطرفه چهارسو ( S2 ),53,
P0532,000 / 500 / 2 نوک پیچ گوشتی چهارسو 20 سانتی ( S2 ),53,
P0533,000 / 800 / 2 نوک پیچ گوشتی چهارسو 25 سانتی ( S2 ),53,
P0534,000 / 800 / 3 نوک پیچ گوشتی چهارسو 30 سانتی ( S2 ) PH2,53,images/P0534.jpg
P0535,30 سانتی 000 / 600 / 4 نوک پیچ گوشتی دوسو چهارسو ( S2 ),53,images/P0535.jpg
P0536,نوک بیت ستاره ایی کوتاه 5 سانتی فشارقوی,53,products/P0536.jpg
P0537,نوک پیچ گوشتی ستاره ایی 5 سانتی ( S2 ) T10,54,
P0538,نوک پیچ گوشتی آلنی 5 سانتی ( S2 ) H1/5,54,
P0539,T40 000 / 850 نوک پیچ گوشتی ستاره ایی 10 سانتی ( S2 ) T10,54,
P0540,H6 000 / 850 نوک پیچ گوشتی آلنی 10 سانتی ( S2 ) H1/5,54,
P0541,T40 000 / 700 / 1 نوک پیچ گوشتی ستاره ایی 15 سانتی ( S2 ) T10,54,products/P0541.jpg
P0542,H6 000 / 700 / 1 نوک پیچ گوشتی آلنی 15 سانتی ( S2 ) H2,54,products/P0542.jpg
P0543,سوهان تکی آهن ساب,54,products/P0543.jpg
P0544,کیت سوهان 5 عددی آهن ساب,54,products/P0544.jpg
P0545,پیچ گوشتی ضربه خور دوسو ( S2 ) SL5-125,55,products/P0545.jpg
P0546,پیچ گوشتی ساده دوسو ( S2 ) SL6-38,55,products/P0546.jpg
P0547,پیچ گوشتی ضربه خور چهارسو ( S2 ) PH2-100,55,products/P0547.jpg
P0548,پیچ گوشتی ساده جهارسو ( S2 ) PH1-38,55,images/P0548.jpg
P0549,پیچ گوشتی آلن ( S2 ),55,products/P0549.jpg
P0550,آچار آلن دسته T عصایی ( S2 ) H1/5,56,images/P0550.jpg
P0551,آچار آلن دسته T کوتاه ( S2 ) H1/5-80MM,56,
P0552,H6-170MM 000 / 300 / 7 آچار آلن دسته T بلند ( S2 ) H2-192MM,56,images/P0552.jpg
P0553,کیت آچار آلن دسته T ( 6 – 5 / 1 ),56,products/P0553.jpg
P0554,کیت آچار آلن دسته T عصایی 8 عددی ( 10 – 2 ),56,products/P0554.jpg
P0555,کیت آچار آلن دسته T عصایی 9 عددی ( 8 – 5 / 1 ),56,products/P0555.jpg
P0556,کیت آچار آلن ستاره ایی T عصایی 10 عددی ( T10-T55 ),56,products/P0556.jpg
P0557,کیت آچار آلن ستاره ایی T عصایی 7 عددی ( T10-T40 ),56,products/P0557.jpg
P0558,جغجقه بادی 2 / 1 درایو,57,products/P0558.jpg
P0559,جغجغه بادی 8 / 3 درایو,57,products/P0559.jpg
P0560,جغجغه بادی 4 / 1 درایو,57,products/P0560.jpg
P0561,فرز انگشتی بادی 90 درجه ( سرکج ),57,products/P0561.jpg
P0562,فرز انگشتی بادی با متعلقات,57,products/P0562.jpg
P0563,فرز انگشتی بادی,57,products/P0563.jpg
P0564,بکس بادی 2 / 1 روتاک ( 720 نیوتن ),57,products/P0564.jpg
P0565,بکس بادی 2 / 1 روتاک ( 550 نیوتن ),57,products/P0565.jpg
P0566,بکس بادی 2 / 1 روتاک ( 550 نیوتن ),57,products/P0566.jpg
P0567,بکس بادی 2 / 1 روتاک ( 1492 نیوتن ),57,products/P0567.jpg
P0568,بکس بادی 2 / 1 روتاک ( 880 نیوتن ),57,products/P0568.jpg
P0569,بکس بادی 2 / 1 روتاک ( با متعلقات ),57,products/P0569.jpg
P0570,بکس بادی 4 / 3 روتاک ( 1600 نیوتن ),58,products/P0570.jpg
P0571,بکس بادی 4 / 3 روتاک ( 1300 نیوتن ),58,products/P0571.jpg
P0572,بکس بادی 2 / 1 روتاک ( 1898 نیوتن ),58,products/P0572.jpg
P0573,"بکس بادی "" 1 روتاک ( 4800 نیوتن )",58,products/P0573.jpg
P0574,"بکس بادی "" 1 روتاک ( 2000 نیوتن )",58,products/P0574.jpg
P0575,"بکس بادی "" 1 روتاک ( 1898 نیوتن )",58,products/P0575.jpg
P0576,بکس بادی 2 / 1 - 1 درایو ( SGT ),58,products/P0576.jpg
P0577,"بکس بادی "" 1 شافت بلند ( SGT )",58,products/P0577.jpg
P0578,"بکس بادی "" 1 بدنه متوسط ( SGT )",58,products/P0578.jpg
P0579,تست فشار روغن موتور,58,products/P0579.jpg
P0580,سمباده بادی بزرگ روتاک,58,products/P0580.jpg
P0581,سمباده بادی روتاک,58,products/P0581.jpg
P0582,آچار آلن کارتی ستاره ایی T50 – T10,58,products/P0582.jpg
P0583,آچار آلن کارتی بلند 10 – 5 / 1,58,products/P0583.jpg
P0584,کیت قیف 8 عددی,58,products/P0584.jpg
P0585,کمپرسنج 4 تیکه,59,products/P0585.jpg
P0586,کمپرسنج 9 تیکه,59,products/P0586.jpg
P0587,کمپرسنج 8 تیکه,59,products/P0587.jpg
P0588,کیت کالیپر ترمز 21 عددی,59,products/P0588.jpg
P0589,کیت بلبرینگ کش ( 50-35 () 75-50 ),59,products/P0589.jpg
P0590,کمپرسنج دیزل ( کامیونی ),59,products/P0590.jpg
P0591,ست خاردربیار 25 عددی,59,products/P0591.jpg
P0592,ست خاردبیار 27 عددی,59,products/P0592.jpg
P0593,کیت کالیپر ترمز پنوماتیک,59,products/P0593.jpg
P0594,اورینگ دربیار 9 عددی,59,products/P0594.jpg
P0595,اورینگ دربیار بلند 6 عددی,59,products/P0595.jpg
P0596,اورینگ دربیار 4 عددی,59,products/P0596.jpg
P0597,سوپاپ جمع کن 5 پارچه تسمه ایی,59,products/P0597.jpg
P0598,سوپاپ جمع کن درجا,59,products/P0598.jpg
P0599,ست خاردربیار 12 عددی,59,products/P0599.jpg
P0600,تایلیور 70 سانتی فیکس تاپ,60,products/P0600.jpg
P0601,تایلیور 60 سانتی فیکس تاپ,60,products/P0601.jpg
P0602,تایلیور 50 سانتی فیکس تاپ,60,products/P0602.jpg
P0603,تایلیور 100 سانتی ( اس جی تی ),60,products/P0603.jpg
P0604,تایلیور 90 سانتی ( اس جی تی ),60,products/P0604.jpg
P0605,تایلیور 80 سانتی فیکس تاپ,60,products/P0605.jpg
P0606,فنر جمع کن فشارقوی ( 370 میلی ),60,products/P0606.jpg
P0607,فنر جمع کن بلند ( 370 میلی ),60,products/P0607.jpg
P0608,انبرقفلی فیلتر بازکن,60,products/P0608.jpg
P0609,آچار فیلتر انبری,60,products/P0609.jpg
P0610,پیستوله گازوئیل پاش تنظیم شو,60,products/P0610.jpg
P0611,پیستوله گازوئیل پاش نقره ایی,60,products/P0611.jpg
P0612,پیستوله گازوئیل پاش ( قرمز )( آبی ),60,products/P0612.jpg
P0613,تایم بی ام و ( N51.N55 )( چینی ),61,products/P0613.jpg
P0614,تایم بی ام و ( N20.N26 )( چینی ),61,products/P0614.jpg
P0615,تست روغن ترمز 5 چراغ,61,products/P0615.jpg
P0616,کیت قالویز و بکس حلزونی 56 عددی,61,products/P0616.jpg
P0617,کیت آلن بکسی چپ گرد 25 عددی,61,products/P0617.jpg
P0618,کیت بکس 14 عددی حلزونی,61,products/P0618.jpg
P0619,گان جوش پالستیک,61,products/P0619.jpg
P0620,گیج کولر گازی با متعلقات,61,products/P0620.jpg
P0621,گیج کولر گازی,61,products/P0621.jpg
P0622,آ هن ربا فنری 1 کیلوگرمی ( 1 متری ),61,products/P0622.jpg
P0623,آهن ربا فنر ی 1 کیلوگرمی 60 سانتی,61,products/P0623.jpg
P0624,دسته بکس T شکل شماره 10,61,products/P0624.jpg
P0625,جعبه بکس ستاره ایی مخصوص دینام,61,products/P0625.jpg
P0626,جعبه اورینگ 270 عددی,62,products/P0626.jpg
P0627,گیریس پمپ بادی 40 کیلویی,62,products/P0627.jpg
P0628,گیریس پمپ بادی 12 کیلویی,62,products/P0628.jpg
P0629,جعبه فیوز 80 عددی,62,products/P0629.jpg
P0630,جعبه اورینگ 419 عددی,62,products/P0630.jpg
P0631,جعبه اورینگ 407 عددی,62,products/P0631.jpg
P0632,جعبه فیش و اتصال 200 عددی,62,products/P0632.jpg
P0633,جعبه فیش و اتصال 685 عددی,62,products/P0633.jpg
P0634,جعبه فیوز 120 عددی,62,products/P0634.jpg
P0635,جعبه خاررودی مزدا,62,products/P0635.jpg
P0636,جعبه خاررودری تویوتا و هوندا,62,products/P0636.jpg
P0637,جعبه روکش سیم رنگی 100 عددی,62,products/P0637.jpg
P0638,جعبه خار 300 عددی,62,products/P0638.jpg
P0639,جعبه خار بدون سوراخ حلزونی,62,products/P0639.jpg
P0640,جعبه انبر اتصال کوچک 24 عددی,62,products/P0640.jpg
P0641,برانکارد تعمیرگاهی ( اس جی تی ),63,products/P0641.jpg
P0642,کلت گیریس پمپ بادی با هرزگرد,63,products/P0642.jpg
P0643,کلت گیریس پمپ بادی با هرزگرد,63,products/P0643.jpg
P0644,جعبه بکس پیچ های گردشده,63,products/P0644.jpg
P0645,تلمبه روغن کش آلو مینیوم,63,products/P0645.jpg
P0646,تلمبه روغن کش اهرمی,63,products/P0646.jpg
P0647,رینگ جمع کن کامیونی,63,products/P0647.jpg
P0648,رینگ جمع کن مینی بوسی,63,products/P0648.jpg
P0649,رینگ جمع کن سواری,63,products/P0649.jpg
P0650,روغندان 500 سی سی,63,products/P0650.jpg
P0651,روغندان 400 سی سی,63,products/P0651.jpg
P0652,روغندان 200 سی سی,63,products/P0652.jpg
P0653,تستر المپ فازمتری بزرگ,63,products/P0653.jpg
P0654,تستر فیوز برنجی,63,products/P0654.jpg
P0655,روغندان 1000 سی سی,63,products/P0655.jpg
P0656,جعبه بکس 4 / 3 درایو 21 عددی 12 پر,64,products/P0656.jpg
P0657,جعبه بکس 4 / 3 درایو 21 عددی 6 پر,64,products/P0657.jpg
P0658,جعبه بکس 2 / 1 درایو مشکی 20 عددی,64,products/P0658.jpg
P0659,"جعبه آلن بکسی ستاره ایی 19 عددی ( E , T )",64,products/P0659.jpg
P0660,"جعبه آلن بکسی ستاره ایی 16 عددی ( E , T )",64,products/P0660.jpg
P0661,جعبه بکس 2 / 1 درایو مشکی 16 عددی بلند,64,products/P0661.jpg
P0662,غلظت سنج ( ATC ),64,products/P0662.jpg
P0663,بکس سنسور اکسیژن مشکی 22,64,products/P0663.jpg
P0664,بکس سنسور اکسیژن سفید 22,64,products/P0664.jpg
P0665,ترکمتر 2 / 1 درایو 210 – 40 نیوتن ( چینی ),64,products/P0665.jpg
P0666,ترکمتر 2 / 1 درایو kg 20 - kg 1 ( چینی ),64,products/P0666.jpg
P0667,ترکمتر 4 / 1 درایو ( 25 – 5 ),64,products/P0667.jpg
P0668,بلبرینگ کش ناخنی ( 90 – 55 ),64,products/P0668.jpg
P0669,بلبرینگ کش ناخنی ( 55 – 24 ),64,products/P0669.jpg
P0670,بلبرینگ کش ناخنی ( 35 – 19 ),64,products/P0670.jpg
P0671,"خارکش "" 13",65,products/P0671.jpg
P0672,"خارکش "" 9",65,products/P0672.jpg
P0673,"خارکش "" 7",65,products/P0673.jpg
P0674,قرقری فرمان ( طرح تایوانی ),65,products/P0674.jpg
P0675,قرقری فرمان,65,products/P0675.jpg
P0676,"خارکش ( "" 7 ) 4 عددی",65,products/P0676.jpg
P0677,آچار درب باک چهار شاخ,65,products/P0677.jpg
P0678,آچار درب باک دو شاخ,65,products/P0678.jpg
P0679,آهن ربا آنتنی 5 / 1 کیلوگرمی,65,products/P0679.jpg
P0680,آچار یکسررینگی 10 عددی ( 11 – 4 ),65,products/P0680.jpg
P0681,آچار درب باک اتوماتیک فوالدی,65,products/P0681.jpg
P0682,آچار درب باک قابل تنظیم,65,products/P0682.jpg
P0683,انبر بست شیلنگ جغجغه ایی,65,products/P0683.jpg
P0684,انبر بست شیلنگ ( R ),65,products/P0684.jpg
P0685,انبر سوپاپ بلند,65,products/P0685.jpg
P0686,کیت فیلتربازکن کاسه ایی 23 عددی,66,products/P0686.jpg
P0687,کیت فیلتربازکن کاسه ایی 17 عددی,66,products/P0687.jpg
P0688,کیت فیلتربازکن کاسه ایی 15 عددی,66,products/P0688.jpg
P0689,کیت تست رادیاتور 28 عددی,66,products/P0689.jpg
P0690,کیت فیلتربازکن کاسه ایی 31 عددی,66,products/P0690.jpg
P0691,کیت فیلتربازکن کاسه ایی 27 عددی,66,products/P0691.jpg
P0692,آچار بکسی جغجغه ایی ( 23 * 21 ),66,products/P0692.jpg
P0693,تست باطری دیجیتال,66,products/P0693.jpg
P0694,تست باطری آمپری,66,products/P0694.jpg
P0695,آچاریکسررینگی جغجغه ایی 22 عددی,66,products/P0695.jpg
P0696,کیت لوله بر و پرچ لوله مسی,66,products/P0696.jpg
P0697,کیت کامل بلبرینگ کش سوراخ کور,66,products/P0697.jpg
P0698,"پولی کش "" 3 اینچ سه شاخ",66,products/P0698.jpg
P0699,انبر بست شیلنگ خرطومی,66,products/P0699.jpg
P0700,گوشی صدا,66,products/P0700.jpg
P0701,دسته بکس 8 / 3 درایو گردان,67,products/P0701.jpg
P0702,دسته بکس 4 / 1 درایو گردان,67,products/P0702.jpg
P0703,دسته بکس 2 / 1 درایو T شکل,67,products/P0703.jpg
P0704,دسته کشویی 4 / 3 درایو,67,products/P0704.jpg
P0705,دسته بکس 2 / 1 درایو گردان ( 3 حالت ),67,products/P0705.jpg
P0706,دسته بکس 2 / 1 درایو گردان,67,products/P0706.jpg
P0707,دسته بکس ال 2 / 1 درایو ( 25 سانتی ),67,products/P0707.jpg
P0708,دسته بکس ال 4 / 1 درایو,67,products/P0708.jpg
P0709,"دسته کشویی "" 1 درایو",67,products/P0709.jpg
P0710,دسته بکس ال 2 / 1 درایو ( 40 سانتی ),67,products/P0710.jpg
P0711,دسته بکس ال 2 / 1 درایو ( 35 سانتی ),67,products/P0711.jpg
P0712,دسته بکس ال 2 / 1 درایو ( 30 سانتی ),67,products/P0712.jpg
P0713,"دسته بکس "" 1 درایو ( 50 سانتی )",67,products/P0713.jpg
P0714,دسته بکس 4 / 3 درایو ( 50 سانتی ),67,products/P0714.jpg
P0715,دسته بکس ال 2 / 1 درایو ( 50 سانتی ),67,products/P0715.jpg
P0716,"کمک 2 / 1 درایو "" 10 ( 25 سانتی )",68,products/P0716.jpg
P0717,"کمک 2 / 1 درایو "" 5 ( 5 / 12 سانتی )",68,products/P0717.jpg
P0718,"کمک 2 / 1 درایو "" 3 ( 5 / 7 سانتی )",68,products/P0718.jpg
P0719,بکس شمع مگنت دار 16,68,products/P0719.jpg
P0720,بکس شمع مگنت دار 14,68,products/P0720.jpg
P0721,"کمک 4 / 3 درایو "" 8 ( 20 سانتی )",68,products/P0721.jpg
P0722,بکس شمع لغلغه ایی مگنت دار 16,68,products/P0722.jpg
P0723,بکس شمع لغلغه ایی مگنت دار 14,68,products/P0723.jpg
P0724,دسته بکس ال 2 / 1 درایو بازو 20 سانتی,68,products/P0724.jpg
P0725,آچار فیلتر بازکن سه شاخ لبه نازک,68,products/P0725.jpg
P0726,بکس شمع لغلغه ایی دسته دار 16,68,products/P0726.jpg
P0727,بکس شمع لغلغه ایی دسته دار 14,68,products/P0727.jpg
P0728,فیلتر بازکن کشویی اتوماتیک ( 80-105 ),68,products/P0728.jpg
P0729,فیلتر بازکن کشویی اتوماتیک ( 60-80 ),68,products/P0729.jpg
P0730,آچار فیلتر بازکن سه شاخ لوله ایی,68,products/P0730.jpg
P0731,دسته جغجغه 4 / 1 درایو روکش دار,69,products/P0731.jpg
P0732,دسته جغجغه 4 / 1 درایو کوتاه,69,products/P0732.jpg
P0733,دسته جغجغه 4 / 1 درایو بیت خور,69,products/P0733.jpg
P0734,دسته جغجغه 2 / 1 درایو تلسکوپی,69,products/P0734.jpg
P0735,دسته جغجغه 2 / 1 درایو,69,products/P0735.jpg
P0736,دسته جغجغه 2 / 1 درایو روکش دار,69,products/P0736.jpg
P0737,جعبه ستاره ایی ( 40 پارچه ) فلزی,69,products/P0737.jpg
P0738,"دسته جغجغه "" 1 درایو",69,products/P0738.jpg
P0739,دسته جغجغه 4 / 3 درایو,69,products/P0739.jpg
P0740,گیره صافکاری 806,69,products/P0740.jpg
P0741,گیره صافکاری 805,69,products/P0741.jpg
P0742,گیره صافکاری 803,69,products/P0742.jpg
P0743,گیره صافکاری 836,69,products/P0743.jpg
P0744,گیره صافکاری 809,69,products/P0744.jpg
P0745,گیره صافکاری 808,69,products/P0745.jpg
P0746,واسکازین پمپ دستی 1500 سی سی,70,products/P0746.jpg
P0747,واسکازین پمپ دستی 500 سی سی,70,products/P0747.jpg
P0748,پیستوله رنگ سه تنظیم حرفه ایی,70,products/P0748.jpg
P0749,کیت سری مهره پرچی 300 عددی,70,products/P0749.jpg
P0750,کیت سری مهره پرچی 150 عددی,70,products/P0750.jpg
P0751,انبر سوکت بنزین,70,products/P0751.jpg
P0752,آچار فیلرگیری 20 تیغ,70,products/P0752.jpg
P0753,سری گیریس پمپ ضامندار ( مشکی ),70,products/P0753.jpg
P0754,سری گیریس پمپ ضامندار ( سفید ),70,products/P0754.jpg
P0755,آچار چپقی 6 عددی ( 19 - 8 ),70,products/P0755.jpg
P0756,انبر بستن سر رادیاتور,70,products/P0756.jpg
P0757,انبر بازکردن سر رادیاتور,70,products/P0757.jpg
P0758,قیف خرطومی دار چهار گوش,70,products/P0758.jpg
P0759,قیف خرطومی دار رنگی,70,products/P0759.jpg
P0760,قیف خرطومی دار مشکی,70,products/P0760.jpg
P0761,"انبردست "" 8",71,products/P0761.jpg
P0762,"انبردست "" 7",71,products/P0762.jpg
P0763,"انبردست "" 6",71,products/P0763.jpg
P0764,"دمباریک "" 8",71,products/P0764.jpg
P0765,"دمباریک "" 7",71,products/P0765.jpg
P0766,"دمباریک "" 6",71,products/P0766.jpg
P0767,"سیم چین "" 8",71,products/P0767.jpg
P0768,"سیم چین "" 7",71,products/P0768.jpg
P0769,"سیم چین "" 6",71,products/P0769.jpg
P0770,دمباریک بلند 11 سرکج ( 90 درجه ),71,products/P0770.jpg
P0771,دمباریک بلند 11 سرکج ( 45 درجه ),71,products/P0771.jpg
P0772,دمباریک بلند 11 سرصاف,71,products/P0772.jpg
P0773,سیم چین بلند 13 سرصاف ( دو بازو ),71,products/P0773.jpg
P0774,دمباریک بلند 13 سرصاف ( دو بازو ),71,products/P0774.jpg
P0775,دمباریک بلند 11 سرگرد ( وایردربیار ),71,products/P0775.jpg
P0776,پرچ بادی,72,products/P0776.jpg
P0777,شیلنگ جمع کن 15 متری,72,products/P0777.jpg
P0778,انبر بست شیلنگ 7 عددی,72,products/P0778.jpg
P0779,انبر خاردربیار اتوماتیک,72,products/P0779.jpg
P0780,پیچ گوشتی خاردربیار قرمز,72,products/P0780.jpg
P0781,پیچ گوشتی خاردربیار آبی,72,products/P0781.jpg
P0782,خار دربیار فلزی ( 700 ),72,products/P0782.jpg
P0783,خار دربیار فلزی ( 702 ),72,products/P0783.jpg
P0784,خار دربیار فلزی ( 701 ),72,products/P0784.jpg
P0785,خرک 3 تن,72,products/P0785.jpg
P0786,ریل بکس ستاره ایی 9 عددی ( E24 – E10 ),72,products/P0786.jpg
P0787,پولی کش فرمان و پولی کش میل لنگ,72,products/P0787.jpg
P0788,تیغ یدکی الستیک دربیار شیشه ماشین,72,products/P0788.jpg
P0789,زنجیر جمع کن ( 100 – 60 ),72,products/P0789.jpg
P0790,زنجیر جمع کن ( 60 – 20 ),72,products/P0790.jpg
P0791,آچار فیلتر بازکن زنجیری بکس خور,73,products/P0791.jpg
P0792,آچار فیلتر بازکن زنجیری دوبل کامیونی,73,products/P0792.jpg
P0793,آچار فیلتر بازکن زنجیری,73,products/P0793.jpg
P0794,دوربین بررسی موتور ( اندسکوپی ),73,products/P0794.jpg
P0795,تستر باطری دیجیتال پرینتردار,73,products/P0795.jpg
P0796,آچار فیلتر بازکن تسمه ایی کامیونی,73,products/P0796.jpg
P0797,آچار فیلیر 17 تیغ 30 سانتی ( 1 – 02 / 0 ),73,products/P0797.jpg
P0798,آچار فیلیر 17 تیغ 20 سانتی ( 1 – 02 / 0 ),73,products/P0798.jpg
P0799,آچار فیلیر 17 تیغ 15 سانتی ( 1 – 02 / 0 ),73,products/P0799.jpg
P0800,تایلیور 3 تیکه تیوپلس کامیونی,73,products/P0800.jpg
P0801,ابزار پین دربیار زنجیر موتور سیکلت,73,products/P0801.jpg
P0802,دیلم 4 عددی,73,products/P0802.jpg
P0803,کالیپر ترمز 3 عددی,73,products/P0803.jpg
P0804,تیغ یدکی سوهان موج گیر,73,products/P0804.jpg
P0805,سوهان موج گیر کامل,73,products/P0805.jpg
P0806,فیلتر کاسه ایی ( 75 / 74 ) 14 پر,74,products/P0806.jpg
P0807,فیلتر کاسه ایی ( 67 / 66 ) 14 پر,74,products/P0807.jpg
P0808,فیلتر کاسه ایی ( 65 / 64 ) 14 پر,74,products/P0808.jpg
P0809,فیلتر کاسه ایی ( 87 / 86 ) 16 پر,74,products/P0809.jpg
P0810,فیلتر کاسه ایی ( 91 / 90 ) 15 پر,74,products/P0810.jpg
P0811,فیلتر کاسه ایی ( 79 / 78 ) 15 پر,74,products/P0811.jpg
P0812,فیلتر کاسه ایی ( 64 ) 14 پر,74,products/P0812.jpg
P0813,فیلتر کاسه ایی ( 74 / 73 ) 14 پر,74,products/P0813.jpg
P0814,فیلتر کاسه ایی ( 71 / 65 ) 14 پر,74,products/P0814.jpg
P0815,قلم و سنبه پین دربیار 6 عددی,74,products/P0815.jpg
P0816,قلم تیز بر 4 عددی,74,products/P0816.jpg
P0817,قالویز چپ گرد 5 عددی با دسته,74,products/P0817.jpg
P0818,سری باد کن بلند,74,products/P0818.jpg
P0819,انبر مهره پرچ کن ( 12 – 3 ),74,products/P0819.jpg
P0820,پولوس کش فوالدی,74,products/P0820.jpg
P0821,آچار آلن های کوتاه ( CR.V.MO )( اس جی تی ),75,
P0822,آچار یکسررینگی ( اس جی تی ),75,images/P0822.jpg
P0823,19 000 / 500 / 5 آچار آلن های فوق بلند ( CR.V.MO )( اس جی تی ),75,products/P0823.jpg
P0824,آچار تخت چکشی ( اس جی تی ),76,products/P0824.jpg
P0825,آچار رینگی چکشی ( اس جی تی ),76,products/P0825.jpg
P0826,لغلغه مشکی ( اس جی تی ),77,products/P0826.jpg
P0827,آچار چاکنت ( اس جی تی ),77,images/P0827.jpg
P0828,آداپتور مشکی ( اس جی تی ),77,images/P0828.jpg
P0829,بکس 2 / 1 درایو مشکی حلزونی,77,images/P0829.jpg
P0830,آچار چپقی ( اس جی تی ),77,products/P0830.jpg
P0831,آچار یکسررینگی جغجغه ایی سرلوالیی,78,products/P0831.jpg
P0832,آچار یکسررینگی جغجغه ایی,78,products/P0832.jpg
P0833,آچار یکسررینگی جغجغه ایی سرلوالیی 7 عددی,78,products/P0833.jpg
P0834,آچار یکسررینگی جغجغه ایی 7 عددی,78,products/P0834.jpg
P0835,بکس 2 / 1 درایو مشکی بلند ( اس جی تی ),79,products/P0835.jpg
P0836,بکس 4 / 3 درایو مشکی ( اس جی تی ),79,images/P0836.jpg
P0837,"بکس "" 1 درایو مشکی بلند ( اس جی تی () 9 سانتی )",79,images/P0837.jpg
P0838,بکس های 4 / 3 درایو ستاره ایی بلند ( اس جی تی ) E24,79,
P0839,"کمک درایو ها ( اس جی تی ) """,80,products/P0839.jpg
P0840,آلن بکسی 4 / 3 درایو ( اس جی تی ),80,
P0841,پیچ گوشتی ترکمتر دار 4 / 1 درایو,81,products/P0841.jpg
P0842,کیت خارکش جغجغه ایی ( 60-100 ),81,products/P0842.jpg
P0843,بکس بادی 8 / 3 درایو,81,products/P0843.jpg
P0844,"پولی کش سه شاخ "" 6 اینچ",81,products/P0844.jpg
P0845,"پولی کش سه شاخ "" 5 اینچ",81,products/P0845.jpg
P0846,"پولی کش سه شاخ "" 4 اینچ",81,products/P0846.jpg
P0847,پولی کش دوشاخ کشویی ( سایز 80 ),81,products/P0847.jpg
P0848,"پولی کش سه شاخ "" 12 اینچ",81,products/P0848.jpg
P0849,"پولی کش سه شاخ "" 10 اینچ",81,products/P0849.jpg
P0850,پولی کش دوشاخ کشویی ( سایز 200 ),81,products/P0850.jpg
P0851,پولی کش دوشاخ کشویی ( سایز 160 ),81,products/P0851.jpg
P0852,پولی کش دوشاخ کشویی ( سایز 120 ),81,products/P0852.jpg
P0853,جعبه آلن بکسی 4 / 3 درایو ستاره 5 عددی,82,products/P0853.jpg
P0854,جعبه آلن بکسی 4 / 3 درایو 5 عددی,82,products/P0854.jpg
P0855,نوک پیچ گوشتی دوسر چهارسو 10 سانت,82,products/P0855.jpg
P0856,نوک پیچ گوشتی دوسر چهار سو 5 / 6,82,products/P0856.jpg
P0857,ابزار تایم بنز ( M274 . M270 ),82,products/P0857.jpg
P0858,ابزار تایم ( BMW () N51.N52.N53.N54.N55.S55 ),82,products/P0858.jpg
P0859,ابزار تنظیم تایم ( MVM ),83,products/P0859.jpg
P0860,ابزار تنظیم تایم رنو ( L90 )( مگان ),83,products/P0860.jpg
P0861,ابزار تایم تیگو 7 + آریزو 5,83,products/P0861.jpg
P0862,ابزار تنظیم تایم مزدا 3,83,products/P0862.jpg
P0863,سوپاپ جمع کن 206 - زانتیا - EF7,83,products/P0863.jpg
P0864,سوپاپ جمع کن تسمه ایی 4 لقمه,83,products/P0864.jpg
P0865,ابزار مشعلی دربیار پولوس پراید,84,products/P0865.jpg
P0866,ابزار پولوس کش فوالدی,84,products/P0866.jpg
P0867,بوش کش سیلندر 405 + 206,84,products/P0867.jpg
P0868,سوپاپ جمع کن درجا پراید,84,products/P0868.jpg
P0869,بوش بند سیلندر,84,products/P0869.jpg
P0870,الستیک ساق سوپاپ پراید + 405,84,products/P0870.jpg
P0871,بکس سیبک دربیار,84,products/P0871.jpg
P0872,قرقری فرمان فوالدی,84,products/P0872.jpg
P0873,واترپمپ دربیار,85,products/P0873.jpg
P0874,بلبرینگ کش استارت فوالدی,85,products/P0874.jpg
P0875,محک دربیار دنده فوالدی مشکی,85,products/P0875.jpg
P0876,محک دربیار دنده فوالدی طالیی,85,products/P0876.jpg
P0877,کیت کالیپر ترمز 13 عددی,85,products/P0877.jpg
P0878,کیت کالیپر ترمز 7 عددی,85,products/P0878.jpg
P0879,ابزار بوش طبق 405,85,products/P0879.jpg
P0880,ابزار شیم گیر پراید,85,products/P0880.jpg
P0881,ابزار پیم دربیار کالج 206 + 405,86,products/P0881.jpg
P0882,ابزار کاسه چرخ عقب 206 + 405,86,products/P0882.jpg
P0883,آچار درب باک ریگالژی,86,products/P0883.jpg
P0884,آچار درب باک ( هیوندا . کیا . بنز . 207 ),86,products/P0884.jpg
P0885,بلبرینگ دربیار چرخ جلو و عقب پراید و تیبا,86,products/P0885.jpg
P0886,آچار درب باک پژو 207,86,products/P0886.jpg
P0887,قفل کن فالویل انواع خودروها,86,products/P0887.jpg
P0888,ابزار نگهدارنده سرسیلندر,86,products/P0888.jpg
P0889,میله تنظیم فرمان,87,products/P0889.jpg
P0890,خط کش سرسیلندر 60 سانتی,87,products/P0890.jpg
P0891,پولی جازن میل لنگ EF7,87,products/P0891.jpg
P0892,پولی کش میل لنگ EF7,87,products/P0892.jpg
P0893,پولی کش دنده 5 ( ال 90 ),87,products/P0893.jpg
P0894,پولی کش میل لنگ ( ال 90 ),87,products/P0894.jpg
P0895,ابزار شاخص پین فالیویل 206,87,products/P0895.jpg
P0896,ابزار نگهدارنده چرخ جهت مهره پولوس,87,products/P0896.jpg
P0897,آچار دسته باالی موتور 206 و TU5,88,products/P0897.jpg
P0898,آچار دسته باالی موتور 206 و 405,88,products/P0898.jpg
P0899,سیبک کش فوالدی,88,products/P0899.jpg
P0900,بلبرینگ کش آرمیچر دینام,88,products/P0900.jpg
P0901,ابزار تنظیم تایم مگان,88,products/P0901.jpg
P0902,بکس سنسور اکسیژن,88,products/P0902.jpg
P0903,تست فشار بنزین,88,products/P0903.jpg
P0904,بکس ستاره ایی دینام بزرگ,88,products/P0904.jpg
P0905,بکس ستاره ایی دینام کوچک,88,products/P0905.jpg
P0906,پولی کش کمپرسور کولر,88,products/P0906.jpg
P0907,لیست قیمت رینک جمع کن بوشی,89,products/P0907.jpg
P0908,ابزار رینگ جمع کن بوشی نیسان + سایپا 000 / 500 / 4 لیست قیمت کاسه نمد جازن های ماشین های ایرانی,89,products/P0908.jpg
